搜尋關鍵字,年份,歌手,歌名,專輯,發行日期,類型,官方連結,試聽連結
閩南語,2026,許富凱,講袂出喙的情話,講袂出喙的情話 - Single,2026-03-31,台灣流行樂,https://music.apple.com/tw/album/%E8%AC%9B%E8%A2%82%E5%87%BA%E5%96%99%E7%9A%84%E6%83%85%E8%A9%B1/1886663270?i=1886663515&uo=4,https://audio-ssl.itunes.apple.com/itunes-assets/AudioPreview221/v4/db/77/e8/db77e8fe-8e74-5b76-863f-f5eefce73d16/mzaf_9217829102824112517.plus.aac.p.m4a
閩南語,2026,許富凱,愛你敢有望 (feat. icyball 冰球樂團),愛你敢有望 (feat. icyball 冰球樂團) - Single,2026-04-16,台灣流行樂,https://music.apple.com/tw/album/%E6%84%9B%E4%BD%A0%E6%95%A2%E6%9C%89%E6%9C%9B-feat-icyball-%E5%86%B0%E7%90%83%E6%A8%82%E5%9C%98/1892350881?i=1892350885&uo=4,https://audio-ssl.itunes.apple.com/itunes-assets/AudioPreview211/v4/f9/62/0d/f9620d89-079d-48b4-37d2-991ab9476cf5/mzaf_12174744397101087542.plus.aac.p.m4a
臺語,2026,張語噥,寫予未來的情歌 (feat. 同理) [臺語台影集《人生只租不賣》主題曲],寫予未來的情歌 (臺語台影集《人生只租不賣》主題曲) [feat. 同理] - Single,2026-01-09,華語流行樂,https://music.apple.com/tw/album/%E5%AF%AB%E4%BA%88%E6%9C%AA%E4%BE%86%E7%9A%84%E6%83%85%E6%AD%8C-feat-%E5%90%8C%E7%90%86-%E8%87%BA%E8%AA%9E%E5%8F%B0%E5%BD%B1%E9%9B%86-%E4%BA%BA%E7%94%9F%E5%8F%AA%E7%A7%9F%E4%B8%8D%E8%B3%A3-%E4%B8%BB%E9%A1%8C%E6%9B%B2/1862423809?i=1862423811&uo=4,https://audio-ssl.itunes.apple.com/itunes-assets/AudioPreview211/v4/16/7e/85/167e8584-8fe2-8555-f3dd-322e5ee128ee/mzaf_15582247029822988084.plus.aac.p.m4a
台語,2025,黃奇斌,若無你我欲去佗位,若無你我欲去佗位 - Single,2025-07-10,華語流行樂,https://music.apple.com/tw/album/%E8%8B%A5%E7%84%A1%E4%BD%A0%E6%88%91%E6%AC%B2%E5%8E%BB%E4%BD%97%E4%BD%8D/1824122171?i=1824122176&uo=4,https://audio-ssl.itunes.apple.com/itunes-assets/AudioPreview211/v4/3e/21/71/3e2171ea-bc67-6057-5c9c-4fb50fa54a4c/mzaf_2872019907143134154.plus.aac.p.m4a
閩南語,2025,陳勢安,無你的將來,無你的將來 - Single,2025-09-30,華語流行樂,https://music.apple.com/tw/album/%E7%84%A1%E4%BD%A0%E7%9A%84%E5%B0%87%E4%BE%86/1840383394?i=1840383397&uo=4,https://audio-ssl.itunes.apple.com/itunes-assets/AudioPreview221/v4/52/a9/01/52a90152-e095-d501-b79d-489937655d2d/mzaf_12904832445817750537.plus.aac.p.m4a
閩南語流行,2025,蕭煌奇,你攏無咧看,你攏無咧看 - Single,2025-05-09,台灣流行樂,https://music.apple.com/tw/album/%E4%BD%A0%E6%94%8F%E7%84%A1%E5%92%A7%E7%9C%8B/1810005328?i=1810005331&uo=4,https://audio-ssl.itunes.apple.com/itunes-assets/AudioPreview221/v4/90/19/29/901929d5-71bd-c464-36bc-0e92eac28967/mzaf_5693346988281075286.plus.aac.p.m4a
閩南語,2025,美秀集團,紙花 (音樂劇《釧兒》宣傳曲) [feat. 張芳瑜],紙花 (音樂劇《釧兒》宣傳曲) [feat. 張芳瑜] - Single,2025-10-22,音樂劇,https://music.apple.com/tw/album/%E7%B4%99%E8%8A%B1-%E9%9F%B3%E6%A8%82%E5%8A%87-%E9%87%A7%E5%85%92-%E5%AE%A3%E5%82%B3%E6%9B%B2-feat-%E5%BC%B5%E8%8A%B3%E7%91%9C/1846302219?i=1846302222&uo=4,https://audio-ssl.itunes.apple.com/itunes-assets/AudioPreview221/v4/90/9c/9d/909c9d7e-bb76-e95f-bdd0-bdfcaedfcdca/mzaf_10831896283787069631.plus.aac.p.m4a
臺語,2025,羅志祥,做伙,做伙 - Single,2025-10-21,台灣流行樂,https://music.apple.com/tw/album/%E5%81%9A%E4%BC%99/1846559994?i=1846559996&uo=4,https://audio-ssl.itunes.apple.com/itunes-assets/AudioPreview211/v4/56/1c/e0/561ce0f3-a794-4586-769c-427f8c698447/mzaf_9803618441874491237.plus.aac.p.m4a
閩南語,2025,琳誼,帶你去逛街 (feat. 蕭煌奇),名偵探琳誼 My Ring World,2025-05-08,台灣流行樂,https://music.apple.com/tw/album/%E5%B8%B6%E4%BD%A0%E5%8E%BB%E9%80%9B%E8%A1%97-feat-%E8%95%AD%E7%85%8C%E5%A5%87/1812598035?i=1812598038&uo=4,https://audio-ssl.itunes.apple.com/itunes-assets/AudioPreview211/v4/f0/d3/32/f0d33256-d3fd-240b-3268-1501bfd30462/mzaf_16367561596239233565.plus.aac.p.m4a
閩南語,2025,潘信維 & 荒山亮,乾杯 (啉予焦),乾杯 (啉予焦) - Single,2025-04-11,台灣流行樂,https://music.apple.com/tw/album/%E4%B9%BE%E6%9D%AF-%E5%95%89%E4%BA%88%E7%84%A6/1805564594?i=1805564596&uo=4,https://audio-ssl.itunes.apple.com/itunes-assets/AudioPreview211/v4/fc/d8/43/fcd843c9-de11-97f2-7c80-322c5cf26d59/mzaf_16007649928476821857.plus.aac.p.m4a
Taiwanese Hokkien,2025,Eric Sung,落雨的公路 Rainy Highway (台語 Taiwanese Hokkien R&B),落雨的公路 Rainy Highway (台語 Taiwanese Hokkien R&B) - Single,2025-12-30,R&B/靈魂樂,https://music.apple.com/tw/album/%E8%90%BD%E9%9B%A8%E7%9A%84%E5%85%AC%E8%B7%AF-rainy-highway-%E5%8F%B0%E8%AA%9E-taiwanese-hokkien-r-b/1865294345?i=1865294346&uo=4,https://audio-ssl.itunes.apple.com/itunes-assets/AudioPreview211/v4/e9/9b/2a/e99b2afe-9de9-c491-4f8c-fabdaf02d579/mzaf_8573764001102189390.plus.aac.p.m4a
閩南語,2025,9m88,大濛的暗眠,《大濛》電影原聲帶,2025-11-27,原聲帶,https://music.apple.com/tw/album/%E5%A4%A7%E6%BF%9B%E7%9A%84%E6%9A%97%E7%9C%A0/1853523941?i=1853523963&uo=4,https://audio-ssl.itunes.apple.com/itunes-assets/AudioPreview211/v4/90/30/d8/9030d8ce-ea4b-97d8-bbe7-5027636c0e32/mzaf_13714231829067044877.plus.aac.p.m4a
閩南語,2024,馬克SAVAGE.M,海岸,海岸 - Single,2024-03-29,雷鬼,https://music.apple.com/tw/album/%E6%B5%B7%E5%B2%B8/1737759391?i=1737759392&uo=4,https://audio-ssl.itunes.apple.com/itunes-assets/AudioPreview211/v4/2e/26/f6/2e26f698-c568-5bbf-a18a-98e1085ee5c1/mzaf_3274261393175392867.plus.aac.p.m4a
臺語,2024,阿跨面,陷眠,心,2024-02-22,華語流行樂,https://music.apple.com/tw/album/%E9%99%B7%E7%9C%A0/1731770086?i=1731770409&uo=4,https://audio-ssl.itunes.apple.com/itunes-assets/AudioPreview122/v4/51/0e/bc/510ebcb4-b3bf-0c9a-04dd-5cf99701ea93/mzaf_13206565997959571270.plus.aac.p.m4a
閩南語,2024,阿跨面,男子漢一匹,心,2024-02-22,華語流行樂,https://music.apple.com/tw/album/%E7%94%B7%E5%AD%90%E6%BC%A2%E4%B8%80%E5%8C%B9/1731770086?i=1731770628&uo=4,https://audio-ssl.itunes.apple.com/itunes-assets/AudioPreview122/v4/08/50/b7/0850b7e8-5b05-0f5c-00d1-3171f4b0366a/mzaf_15726442038251721089.plus.aac.p.m4a
閩南語,2024,阿跨面,愛了傷過份,心,2024-02-22,華語流行樂,https://music.apple.com/tw/album/%E6%84%9B%E4%BA%86%E5%82%B7%E9%81%8E%E4%BB%BD/1731770086?i=1731770631&uo=4,https://audio-ssl.itunes.apple.com/itunes-assets/AudioPreview122/v4/8c/df/9b/8cdf9b69-fdcf-893b-c6a3-fd1e6dddbfc1/mzaf_1551585872438656428.plus.aac.p.m4a
閩南語,2024,阿跨面,心竭 (feat. 阿德 & 阿任),心,2024-02-22,台灣流行樂,https://music.apple.com/tw/album/%E5%BF%83%E7%AB%AD-feat-%E9%98%BF%E5%BE%B7-%E9%98%BF%E4%BB%BB/1731770086?i=1731770416&uo=4,https://audio-ssl.itunes.apple.com/itunes-assets/AudioPreview122/v4/64/32/8c/64328cce-2ce1-5dc0-a8ce-9359c2a1db3d/mzaf_7506045361220516760.plus.aac.p.m4a
閩南語,2024,阿跨面,心,心,2024-02-22,華語流行樂,https://music.apple.com/tw/album/%E5%BF%83/1731770086?i=1731770406&uo=4,https://audio-ssl.itunes.apple.com/itunes-assets/AudioPreview122/v4/91/4a/d4/914ad475-6939-44eb-5d6c-993fbdcd704f/mzaf_8586547676933625694.plus.aac.p.m4a
閩南語,2024,阿跨面,九五家滿 (feat. 寶寶熊),心,2024-02-22,華語流行樂,https://music.apple.com/tw/album/%E4%B9%9D%E4%BA%94%E5%AE%B6%E6%BB%BF-feat-%E5%AF%B6%E5%AF%B6%E7%86%8A/1731770086?i=1731770400&uo=4,https://audio-ssl.itunes.apple.com/itunes-assets/AudioPreview112/v4/b1/a9/48/b1a948de-d70e-1b7d-44a0-317034111ef5/mzaf_7526822740598803895.plus.aac.p.m4a
台語流行,2024,邱軍,運轉人生 (影集《華麗計程車行》插曲),情歌手,2024-02-23,華語流行樂,https://music.apple.com/tw/album/%E9%81%8B%E8%BD%89%E4%BA%BA%E7%94%9F-%E5%BD%B1%E9%9B%86-%E8%8F%AF%E9%BA%97%E8%A8%88%E7%A8%8B%E8%BB%8A%E8%A1%8C-%E6%8F%92%E6%9B%B2/1731074495?i=1731074668&uo=4,https://audio-ssl.itunes.apple.com/itunes-assets/AudioPreview211/v4/06/aa/65/06aa65f9-7e8a-421b-14e1-a059901f6b72/mzaf_11102784067666980731.plus.aac.p.m4a
閩南語,2024,珂拉琪 Collage,Nine Sols,九日,2024-06-28,原聲帶,https://music.apple.com/tw/album/nine-sols/1753187376?i=1753187377&uo=4,https://audio-ssl.itunes.apple.com/itunes-assets/AudioPreview211/v4/00/32/54/0032540c-d913-3a7c-28b2-238537bb3125/mzaf_565785581680255045.plus.aac.p.m4a
閩南語,2024,李竺芯,懸踏仔咬跤,Suí 水,2024-12-30,台灣流行樂,https://music.apple.com/tw/album/%E6%87%B8%E8%B8%8F%E4%BB%94%E5%92%AC%E8%B7%A4/1786938591?i=1786938599&uo=4,https://audio-ssl.itunes.apple.com/itunes-assets/AudioPreview211/v4/50/80/bd/5080bd69-9c5e-68b5-ceed-18772254813d/mzaf_4528933401997994134.plus.aac.p.m4a
閩南語,2024,拍謝少年,噪音公寓,噪音公寓,2024-05-01,搖滾,https://music.apple.com/tw/album/%E5%99%AA%E9%9F%B3%E5%85%AC%E5%AF%93/1748096203?i=1748096453&uo=4,https://audio-ssl.itunes.apple.com/itunes-assets/AudioPreview211/v4/51/8f/ca/518fcaf4-7716-f8ea-316f-62b0c4f61e78/mzaf_7200699352206233209.plus.aac.p.m4a
臺語,2024,拍謝少年,共身軀完全放予去 (feat. 鄭宜農),噪音公寓,2024-05-24,搖滾,https://music.apple.com/tw/album/%E5%85%B1%E8%BA%AB%E8%BB%80%E5%AE%8C%E5%85%A8%E6%94%BE%E4%BA%88%E5%8E%BB-feat-%E9%84%AD%E5%AE%9C%E8%BE%B2/1748096203?i=1748096462&uo=4,https://audio-ssl.itunes.apple.com/itunes-assets/AudioPreview211/v4/49/26/73/49267343-b39f-e4c7-95ed-f941bf629aa4/mzaf_5922764717489869502.plus.aac.p.m4a
閩南語,2024,ShiGGa Shay & 瘦子E.SO,BO BEH ZAO 沒馬跑,BO BEH ZAO 沒馬跑 - Single,2024-05-08,饒舌,https://music.apple.com/tw/album/bo-beh-zao-%E6%B2%92%E9%A6%AC%E8%B7%91/1742011051?i=1742011218&uo=4,https://audio-ssl.itunes.apple.com/itunes-assets/AudioPreview221/v4/a7/67/9e/a7679ec5-7998-acea-3d06-8d0d9008d65a/mzaf_2310004380854826794.plus.aac.p.m4a
閩南語流行,2024,FunkyMo,修理車,"物件,所在",2024-09-03,R&B/靈魂樂,https://music.apple.com/tw/album/%E4%BF%AE%E7%90%86%E8%BB%8A/1764901219?i=1764901241&uo=4,https://audio-ssl.itunes.apple.com/itunes-assets/AudioPreview211/v4/63/de/98/63de9888-9fee-9c32-2854-77bcb7964133/mzaf_573555307728461680.plus.aac.p.m4a
臺語,2023,青虫 aoi,落雨天 (feat. 阿跨面),海海人生,2023-10-06,華語流行樂,https://music.apple.com/tw/album/%E8%90%BD%E9%9B%A8%E5%A4%A9-feat-%E9%98%BF%E8%B7%A8%E9%9D%A2/1708515718?i=1708515726&uo=4,https://audio-ssl.itunes.apple.com/itunes-assets/AudioPreview116/v4/90/a7/b0/90a7b0b8-4739-8f40-28c9-d23f43e60700/mzaf_17004839326824498041.plus.aac.p.m4a
台語,2023,許富凱,伊的身邊已經有別人2023 (feat. 血肉果汁機),伊的身邊已經有別人2023 (feat. 血肉果汁機) - Single,2023-06-17,台灣流行樂,https://music.apple.com/tw/album/%E4%BC%8A%E7%9A%84%E8%BA%AB%E9%82%8A%E5%B7%B2%E7%B6%93%E6%9C%89%E5%88%A5%E4%BA%BA2023-feat-%E8%A1%80%E8%82%89%E6%9E%9C%E6%B1%81%E6%A9%9F/1691657365?i=1691657373&uo=4,https://audio-ssl.itunes.apple.com/itunes-assets/AudioPreview116/v4/4e/82/45/4e8245bb-1c81-873a-ebff-fc115e495690/mzaf_3034403913211766827.plus.aac.p.m4a
臺語,2023,羅時豐,快樂的出帆,羅時豐21世紀臺語經典實錄 Vol.2,2023-07-14,華語流行樂,https://music.apple.com/tw/album/%E5%BF%AB%E6%A8%82%E7%9A%84%E5%87%BA%E5%B8%86/1697942392?i=1697942665&uo=4,https://audio-ssl.itunes.apple.com/itunes-assets/AudioPreview126/v4/d0/c5/50/d0c5508a-7662-4a6c-1eaa-235a2cad7bab/mzaf_11140258873507154936.plus.aac.p.m4a
臺語,2023,滅火器,給女兒,家和萬事興,2023-06-09,龐克,https://music.apple.com/tw/album/%E7%B5%A6%E5%A5%B3%E5%85%92/1689536430?i=1689536714&uo=4,https://audio-ssl.itunes.apple.com/itunes-assets/AudioPreview116/v4/04/ba/e6/04bae69b-dc58-3baa-0571-587f380a8e7a/mzaf_2624189798099850062.plus.aac.p.m4a
臺語,2023,滅火器,新歌六號,家和萬事興,2023-05-05,龐克,https://music.apple.com/tw/album/%E6%96%B0%E6%AD%8C%E5%85%AD%E8%99%9F/1689536430?i=1689536434&uo=4,https://audio-ssl.itunes.apple.com/itunes-assets/AudioPreview116/v4/70/20/4b/70204bbe-e03d-6c4c-c971-6eb18604e24b/mzaf_2582566082573381907.plus.aac.p.m4a
臺語,2023,滅火器,新世界的光 (feat. DJ Mykal a.k.a. 林哲儀),家和萬事興,2023-06-09,龐克,https://music.apple.com/tw/album/%E6%96%B0%E4%B8%96%E7%95%8C%E7%9A%84%E5%85%89-feat-dj-mykal-a-k-a-%E6%9E%97%E5%93%B2%E5%84%80/1689536430?i=1689536686&uo=4,https://audio-ssl.itunes.apple.com/itunes-assets/AudioPreview126/v4/f6/8f/b8/f68fb83b-6d60-6a77-7fcc-58460180e79b/mzaf_504757722917849521.plus.aac.p.m4a
臺語,2023,滅火器,家和萬事興,家和萬事興,2023-06-09,龐克,https://music.apple.com/tw/album/%E5%AE%B6%E5%92%8C%E8%90%AC%E4%BA%8B%E8%88%88/1689536430?i=1689536843&uo=4,https://audio-ssl.itunes.apple.com/itunes-assets/AudioPreview126/v4/6b/25/6e/6b256ea4-3354-0b70-2571-e2caab88f154/mzaf_10827001532917288746.plus.aac.p.m4a
臺語,2023,滅火器,人生尾路,家和萬事興,2023-06-09,龐克,https://music.apple.com/tw/album/%E4%BA%BA%E7%94%9F%E5%B0%BE%E8%B7%AF/1689536430?i=1689536844&uo=4,https://audio-ssl.itunes.apple.com/itunes-assets/AudioPreview116/v4/37/fd/e1/37fde14a-c27f-7340-904f-d2a5f202d8b2/mzaf_6666174443235640185.plus.aac.p.m4a
台語流行,2023,洪佩瑜,同款 (電影《本日公休》主題曲),同款 (電影《本日公休》主題曲) - Single,2023-02-14,華語流行樂,https://music.apple.com/tw/album/%E5%90%8C%E6%AC%BE-%E9%9B%BB%E5%BD%B1-%E6%9C%AC%E6%97%A5%E5%85%AC%E4%BC%91-%E4%B8%BB%E9%A1%8C%E6%9B%B2/1670262229?i=1670262231&uo=4,https://audio-ssl.itunes.apple.com/itunes-assets/AudioPreview126/v4/33/3f/38/333f38a8-e5b4-76d8-df42-edcb0da1ed1f/mzaf_10902066975493269311.plus.aac.p.m4a
閩南語,2023,"桃子A1J, 王水源 & 水蜜桃偵探社",尋人,尋人,2023-09-26,華語流行樂,https://music.apple.com/tw/album/%E5%B0%8B%E4%BA%BA/1707256617?i=1707256934&uo=4,https://audio-ssl.itunes.apple.com/itunes-assets/AudioPreview116/v4/6c/8b/b7/6c8bb7b8-24e5-4756-381f-0ecf30963aab/mzaf_12008890420879714372.plus.aac.p.m4a
臺語,2022,邰智源 & 盧廣仲,相忘,木曜跨界演唱會-Awakening - EP,2022-04-01,華語流行樂,https://music.apple.com/tw/album/%E7%9B%B8%E5%BF%98/1615566053?i=1615566057&uo=4,https://audio-ssl.itunes.apple.com/itunes-assets/AudioPreview122/v4/fe/0f/89/fe0f8946-81e9-ce07-a164-f771550747cc/mzaf_6344267256733956075.plus.aac.p.m4a
臺語,2022,潤少,潤少專屬,潤少專屬 - Single,2022-08-24,嘻哈/饒舌,https://music.apple.com/tw/album/%E6%BD%A4%E5%B0%91%E5%B0%88%E5%B1%AC/1638724048?i=1638724049&uo=4,https://audio-ssl.itunes.apple.com/itunes-assets/AudioPreview112/v4/a3/0c/9b/a30c9b8e-0133-0d49-cb57-2911cfda6c8a/mzaf_8172902685965070866.plus.aac.p.m4a
台語,2022,曾瑋中,必巡 (三立戲劇《含笑食堂》片尾曲/《嘉慶君遊臺灣》片頭曲),總會有一工,2022-07-07,台灣流行樂,https://music.apple.com/tw/album/%E5%BF%85%E5%B7%A1-%E4%B8%89%E7%AB%8B%E6%88%B2%E5%8A%87-%E5%90%AB%E7%AC%91%E9%A3%9F%E5%A0%82-%E7%89%87%E5%B0%BE%E6%9B%B2-%E5%98%89%E6%85%B6%E5%90%9B%E9%81%8A%E8%87%BA%E7%81%A3-%E7%89%87%E9%A0%AD%E6%9B%B2/1632587451?i=1632587457&uo=4,https://audio-ssl.itunes.apple.com/itunes-assets/AudioPreview122/v4/30/16/06/301606ff-178a-ae02-42a2-e6545ea42300/mzaf_13191746860429283606.plus.aac.p.m4a
臺語,2022,宇宙人,好野,理想狀態,2022-03-17,台灣流行樂,https://music.apple.com/tw/album/%E5%A5%BD%E9%87%8E/1613887529?i=1613887898&uo=4,https://audio-ssl.itunes.apple.com/itunes-assets/AudioPreview116/v4/ff/d1/a4/ffd1a489-3aed-8f70-f21f-17fc20994381/mzaf_558628878644591689.plus.aac.p.m4a
臺語,2021,血肉果汁機,虎爺,GOLDEN 太子 BRO,2021-01-01,金屬樂,https://music.apple.com/tw/album/%E8%99%8E%E7%88%BA/1545337666?i=1545337680&uo=4,https://audio-ssl.itunes.apple.com/itunes-assets/AudioPreview125/v4/29/f2/1a/29f21a8e-f198-b9fb-20bb-84adf2000685/mzaf_12871171005013811286.plus.aac.p.m4a
閩南語,2021,草屯囝仔,愈愛愈殘忍,愈愛愈殘忍 - Single,2021-10-25,台灣流行樂,https://music.apple.com/tw/album/%E6%84%88%E6%84%9B%E6%84%88%E6%AE%98%E5%BF%8D/1590830127?i=1590830128&uo=4,https://audio-ssl.itunes.apple.com/itunes-assets/AudioPreview125/v4/e4/5c/db/e45cdbb1-03f7-0cdf-28e2-3f05ff6ba3c4/mzaf_18445151278624678372.plus.aac.p.m4a
臺語流行,2021,茄子蛋,閣愛妳一擺,閣愛妳一擺 - Single,2021-12-10,台灣流行樂,https://music.apple.com/tw/album/%E9%96%A3%E6%84%9B%E5%A6%B3%E4%B8%80%E6%93%BA/1726970400?i=1726970401&uo=4,https://audio-ssl.itunes.apple.com/itunes-assets/AudioPreview116/v4/99/e4/1b/99e41ba6-8be6-f0a6-b25a-8c914df0bcee/mzaf_18261394331611467862.plus.aac.p.m4a
Taiwanese Hokkien,2021,百合花,拜六,不是路,2021-12-24,搖滾,https://music.apple.com/tw/album/%E6%8B%9C%E5%85%AD/1719745856?i=1719745875&uo=4,https://audio-ssl.itunes.apple.com/itunes-assets/AudioPreview116/v4/c0/f6/f7/c0f6f7da-176b-4b41-a3f5-0128dc5b7dfe/mzaf_10140223050722377416.plus.aac.p.m4a
