Date,日收盤匯率
2023-06-28,30.993499755859375
2023-06-29,31.056499481201172
2023-06-30,31.117300033569336
2023-07-03,31.145999908447266
2023-07-04,31.087799072265625
2023-07-05,31.077999114990234
2023-07-06,31.224199295043945
2023-07-07,31.326900482177734
2023-07-10,31.259000778198242
2023-07-11,31.360000610351562
2023-07-12,31.265499114990234
2023-07-13,31.03380012512207
2023-07-14,30.957799911499023
2023-07-17,30.950000762939453
2023-07-18,30.950000762939453
2023-07-19,30.902999877929688
2023-07-20,31.04330062866211
2023-07-21,31.037799835205078
2023-07-24,31.32200050354004
2023-07-25,31.299999237060547
2023-07-26,31.166000366210938
2023-07-27,31.214000701904297
2023-07-28,31.296300888061523
2023-07-31,31.353500366210938
2023-08-01,31.39889907836914
2023-08-02,31.594999313354492
2023-08-03,31.63010025024414
2023-08-04,31.640499114990234
2023-08-07,31.652000427246094
2023-08-08,31.66550064086914
2023-08-09,31.795499801635742
2023-08-10,31.708999633789062
2023-08-11,31.741500854492188
2023-08-14,31.893999099731445
2023-08-15,31.90399932861328
2023-08-16,31.864900588989258
2023-08-17,31.912799835205078
2023-08-18,31.896400451660156
2023-08-21,31.902000427246094
2023-08-22,31.916200637817383
2023-08-23,31.976999282836914
2023-08-24,31.85580062866211
2023-08-25,31.81410026550293
2023-08-28,31.812000274658203
2023-08-29,31.81800079345703
2023-08-30,31.767000198364258
2023-08-31,31.798799514770508
2023-09-01,31.80780029296875
2023-09-04,31.863000869750977
2023-09-05,31.857799530029297
2023-09-06,31.904499053955078
2023-09-07,31.933900833129883
2023-09-08,32.03139877319336
2023-09-11,32.084999084472656
2023-09-12,31.9064998626709
2023-09-13,31.96380043029785
2023-09-14,31.894899368286133
2023-09-15,31.868900299072266
2023-09-18,31.878000259399414
2023-09-19,31.898500442504883
2023-09-20,31.979999542236328
2023-09-21,32.0088996887207
2023-09-22,32.13800048828125
2023-09-25,32.13100051879883
2023-09-26,32.10279846191406
2023-09-27,32.18980026245117
2023-09-28,32.225799560546875
2023-09-29,32.06079864501953
2023-10-02,32.244998931884766
2023-10-03,32.306800842285156
2023-10-04,32.31169891357422
2023-10-05,32.29119873046875
2023-10-06,32.20370101928711
2023-10-09,32.11800003051758
2023-10-10,32.137298583984375
2023-10-11,32.01649856567383
2023-10-12,32.059200286865234
2023-10-13,32.1697998046875
2023-10-16,32.19490051269531
2023-10-17,32.186500549316406
2023-10-18,32.32500076293945
2023-10-19,32.395301818847656
2023-10-20,32.34830093383789
2023-10-23,32.332000732421875
2023-10-24,32.236000061035156
2023-10-25,32.20399856567383
2023-10-26,32.38029861450195
2023-10-27,32.3588981628418
2023-10-30,32.41400146484375
2023-10-31,32.247501373291016
2023-11-01,32.40290069580078
2023-11-02,32.376800537109375
2023-11-03,32.159000396728516
2023-11-06,32.08940124511719
2023-11-07,32.10200119018555
2023-11-08,32.0802001953125
2023-11-09,32.215999603271484
2023-11-10,32.253501892089844
2023-11-13,32.34579849243164
2023-11-14,32.24449920654297
2023-11-15,32.07699966430664
2023-11-16,32.00859832763672
2023-11-17,31.836999893188477
2023-11-20,31.734699249267578
2023-11-21,31.468000411987305
2023-11-22,31.374000549316406
2023-11-23,31.51799964904785
2023-11-24,31.61400032043457
2023-11-27,31.63599967956543
2023-11-28,31.524999618530273
2023-11-29,31.27199935913086
2023-11-30,31.069000244140625
2023-12-01,31.374000549316406
2023-12-04,31.18899917602539
2023-12-05,31.423599243164062
2023-12-06,31.516000747680664
2023-12-07,31.489099502563477
2023-12-08,31.427000045776367
2023-12-11,31.409500122070312
2023-12-12,31.327999114990234
2023-12-13,31.473100662231445
2023-12-14,31.156999588012695
2023-12-15,31.18429946899414
2023-12-18,31.34779930114746
2023-12-19,31.375
2023-12-20,31.270000457763672
2023-12-21,31.309999465942383
2023-12-22,31.19300079345703
2023-12-25,31.079999923706055
2023-12-26,31.119699478149414
2023-12-27,30.94300079345703
2023-12-28,30.845699310302734
2023-12-29,30.697999954223633
2024-01-01,30.682100296020508
2024-01-02,30.66860008239746
2024-01-03,30.878999710083008
2024-01-04,31.041900634765625
2024-01-05,31.054000854492188
2024-01-08,30.95199966430664
2024-01-09,30.72100067138672
2024-01-10,31.061100006103516
2024-01-11,31.117799758911133
2024-01-12,30.893999099731445
2024-01-15,31.075599670410156
2024-01-16,31.19499969482422
2024-01-17,31.45800018310547
2024-01-18,31.542499542236328
2024-01-19,31.58060073852539
2024-01-22,31.383800506591797
2024-01-23,31.368000030517578
2024-01-24,31.395000457763672
2024-01-25,31.29199981689453
2024-01-26,31.315000534057617
2024-01-29,31.273099899291992
2024-01-30,31.184999465942383
2024-01-31,31.159099578857422
2024-02-01,31.2450008392334
2024-02-02,31.233999252319336
2024-02-05,31.3257999420166
2024-02-06,31.340299606323242
2024-02-07,31.20199966430664
2024-02-08,31.36680030822754
2024-02-09,31.303300857543945
2024-02-12,31.367799758911133
2024-02-13,31.288400650024414
2024-02-14,31.468700408935547
2024-02-15,31.34510040283203
2024-02-16,31.262699127197266
2024-02-19,31.333200454711914
2024-02-20,31.402099609375
2024-02-21,31.37779998779297
2024-02-22,31.426300048828125
2024-02-23,31.45400047302246
2024-02-26,31.601999282836914
2024-02-27,31.5487003326416
2024-02-28,31.576000213623047
2024-02-29,31.647899627685547
2024-03-01,31.614900588989258
2024-03-04,31.55929946899414
2024-03-05,31.509300231933594
2024-03-06,31.54050064086914
2024-03-07,31.464000701904297
2024-03-08,31.434799194335938
2024-03-11,31.452999114990234
2024-03-12,31.362199783325195
2024-03-13,31.398799896240234
2024-03-14,31.406600952148438
2024-03-15,31.525999069213867
2024-03-18,31.603700637817383
2024-03-19,31.641000747680664
2024-03-20,31.73040008544922
2024-03-21,31.76219940185547
2024-03-22,31.882999420166016
2024-03-25,31.934999465942383
2024-03-26,31.733999252319336
2024-03-27,31.885299682617188
2024-03-28,31.979400634765625
2024-03-29,32.01810073852539
2024-04-01,31.93400001525879
2024-04-02,32.01499938964844
2024-04-03,32.03900146484375
2024-04-04,31.968700408935547
2024-04-05,32.04800033569336
2024-04-08,32.11119842529297
2024-04-09,32.07279968261719
2024-04-10,31.96619987487793
2024-04-11,32.18299865722656
2024-04-12,32.2244987487793
2024-04-15,32.25400161743164
2024-04-16,32.38880157470703
2024-04-17,32.49789810180664
2024-04-18,32.3380012512207
2024-04-19,32.41590118408203
2024-04-22,32.50400161743164
2024-04-23,32.58300018310547
2024-04-24,32.503501892089844
2024-04-25,32.62730026245117
2024-04-26,32.53099822998047
2024-04-29,32.558998107910156
2024-04-30,32.433998107910156
2024-05-01,32.613800048828125
2024-05-02,32.47600173950195
2024-05-03,32.34600067138672
2024-05-06,32.27690124511719
2024-05-07,32.26300048828125
2024-05-08,32.363800048828125
2024-05-09,32.33300018310547
2024-05-10,32.33879852294922
2024-05-13,32.42399978637695
2024-05-14,32.371498107910156
2024-05-15,32.31370162963867
2024-05-16,32.03129959106445
2024-05-17,32.12379837036133
2024-05-20,32.16400146484375
2024-05-21,32.2057991027832
2024-05-22,32.234798431396484
2024-05-23,32.223899841308594
2024-05-24,32.22079849243164
2024-05-27,32.18899917602539
2024-05-28,32.06999969482422
2024-05-29,32.17380142211914
2024-05-30,32.37699890136719
2024-05-31,32.35639953613281
2024-06-03,32.46500015258789
2024-06-04,32.314300537109375
2024-06-05,32.328800201416016
2024-06-06,32.25199890136719
2024-06-07,32.208900451660156
2024-06-10,32.404998779296875
2024-06-11,32.33399963378906
2024-06-12,32.315799713134766
2024-06-13,32.20100021362305
2024-06-14,32.29899978637695
2024-06-17,32.3489990234375
2024-06-18,32.30099868774414
2024-06-19,32.34749984741211
2024-06-20,32.38079833984375
2024-06-21,32.340999603271484
2024-06-24,32.362998962402344
2024-06-25,32.32149887084961
2024-06-26,32.4734992980957
2024-06-27,32.582298278808594
2024-06-28,32.52199935913086
2024-07-01,32.50400161743164
2024-07-02,32.52170181274414
2024-07-03,32.57279968261719
2024-07-04,32.621498107910156
2024-07-05,32.50659942626953
2024-07-08,32.393001556396484
2024-07-09,32.47100067138672
2024-07-10,32.50749969482422
2024-07-11,32.58689880371094
2024-07-12,32.38679885864258
2024-07-15,32.54800033569336
2024-07-16,32.57400131225586
2024-07-17,32.56330108642578
2024-07-18,32.49079895019531
2024-07-19,32.638999938964844
2024-07-22,32.78099822998047
2024-07-23,32.80849838256836
2024-07-24,32.75130081176758
2024-07-25,32.71480178833008
2024-07-26,32.643001556396484
2024-07-29,32.79800033569336
2024-07-30,32.849300384521484
2024-07-31,32.76150131225586
2024-08-01,32.57229995727539
2024-08-02,32.71649932861328
2024-08-05,32.58890151977539
2024-08-06,32.67900085449219
2024-08-07,32.77799987792969
2024-08-08,32.650001525878906
2024-08-09,32.41019821166992
2024-08-12,32.435001373291016
2024-08-13,32.23899841308594
2024-08-14,32.30500030517578
2024-08-15,31.9950008392334
2024-08-16,32.442501068115234
2024-08-19,32.135501861572266
2024-08-20,31.910499572753906
2024-08-21,31.895000457763672
2024-08-22,31.69499969482422
2024-08-23,32.03499984741211
2024-08-26,31.754499435424805
2024-08-27,31.80900001525879
2024-08-28,31.69499969482422
2024-08-29,31.982999801635742
2024-08-30,31.857999801635742
2024-09-02,31.996000289916992
2024-09-03,31.930999755859375
2024-09-04,31.981000900268555
2024-09-05,31.954999923706055
2024-09-06,32.00699996948242
2024-09-09,32.025901794433594
2024-09-10,32.108001708984375
2024-09-11,32.15800094604492
2024-09-12,32.106998443603516
2024-09-13,31.92300033569336
2024-09-16,31.937999725341797
2024-09-17,31.863000869750977
2024-09-18,31.93950080871582
2024-09-19,31.77899932861328
2024-09-20,31.76799964904785
2024-09-23,31.98900032043457
2024-09-24,31.933000564575195
2024-09-25,31.700000762939453
2024-09-26,31.863000869750977
2024-09-27,31.459999084472656
2024-09-30,31.575000762939453
2024-10-01,31.579999923706055
2024-10-02,31.761999130249023
2024-10-03,31.812000274658203
2024-10-04,32.018001556396484
2024-10-07,32.34000015258789
2024-10-08,32.12179946899414
2024-10-09,32.16999816894531
2024-10-10,32.227500915527344
2024-10-11,32.195499420166016
2024-10-14,32.130001068115234
2024-10-15,32.152000427246094
2024-10-16,32.17100143432617
2024-10-17,32.1349983215332
2024-10-18,32.06800079345703
2024-10-21,32.04199981689453
2024-10-22,32.05099868774414
2024-10-23,32.013999938964844
2024-10-24,32.00400161743164
2024-10-25,31.983800888061523
2024-10-28,32.06380081176758
2024-10-29,32.01380157470703
2024-10-30,32.00299835205078
2024-10-31,31.86549949645996
2024-11-01,31.86280059814453
2024-11-04,31.922800064086914
2024-11-05,31.91200065612793
2024-11-06,31.82229995727539
2024-11-07,32.334598541259766
2024-11-08,32.034000396728516
2024-11-11,32.23500061035156
2024-11-12,32.37480163574219
2024-11-13,32.414798736572266
2024-11-14,32.40800094604492
2024-11-15,32.537200927734375
2024-11-18,32.46179962158203
2024-11-19,32.442298889160156
2024-11-20,32.32550048828125
2024-11-21,32.471500396728516
2024-11-22,32.50529861450195
2024-11-25,32.56850051879883
2024-11-26,32.332000732421875
2024-11-27,32.404998779296875
2024-11-28,32.414798736572266
2024-11-29,32.494300842285156
2024-12-02,32.43899917602539
2024-12-03,32.59149932861328
2024-12-04,32.4640007019043
2024-12-05,32.3129997253418
2024-12-06,32.32279968261719
2024-12-09,32.38800048828125
2024-12-10,32.37080001831055
2024-12-11,32.523799896240234
2024-12-12,32.485801696777344
2024-12-13,32.465999603271484
2024-12-16,32.49829864501953
2024-12-17,32.41699981689453
2024-12-18,32.4297981262207
2024-12-19,32.678001403808594
2024-12-20,32.630001068115234
2024-12-23,32.61600112915039
2024-12-24,32.608001708984375
2024-12-25,32.61399841308594
2024-12-26,32.70790100097656
2024-12-27,32.721500396728516
2024-12-30,32.80849838256836
2024-12-31,32.7599983215332
2025-01-02,32.80099868774414
2025-01-03,32.86980056762695
2025-01-06,32.91230010986328
2025-01-07,32.735801696777344
2025-01-08,32.7244987487793
2025-01-09,32.9202995300293
2025-01-10,32.83100128173828
2025-01-13,33.09629821777344
2025-01-14,33.054500579833984
2025-01-15,32.95240020751953
2025-01-16,32.79600143432617
2025-01-17,32.84299850463867
2025-01-20,32.90999984741211
2025-01-21,32.316001892089844
2025-01-22,32.58399963378906
2025-01-23,32.58100128173828
2025-01-24,32.64039993286133
2025-01-27,32.733299255371094
2025-01-28,32.90629959106445
2025-01-29,32.8651008605957
2025-01-30,32.7130012512207
2025-01-31,32.938499450683594
2025-02-03,32.827999114990234
2025-02-04,32.98699951171875
2025-02-05,32.8916015625
2025-02-06,32.821800231933594
2025-02-07,32.79600143432617
2025-02-10,32.82789993286133
2025-02-11,32.86539840698242
2025-02-12,32.80329895019531
2025-02-13,32.85580062866211
2025-02-14,32.615299224853516
2025-02-17,32.66550064086914
2025-02-18,32.706600189208984
2025-02-19,32.72129821777344
2025-02-20,32.74620056152344
2025-02-21,32.69329833984375
2025-02-24,32.77299880981445
2025-02-25,32.69969940185547
2025-02-26,32.77830123901367
2025-02-27,32.750301361083984
2025-02-28,32.90169906616211
2025-03-03,32.904998779296875
2025-03-04,32.88890075683594
2025-03-05,32.7947998046875
2025-03-06,32.80110168457031
2025-03-07,32.8578987121582
2025-03-10,32.82699966430664
2025-03-11,32.866600036621094
2025-03-12,32.86880111694336
2025-03-13,32.90629959106445
2025-03-14,32.96839904785156
2025-03-17,32.92599868774414
2025-03-18,32.95640182495117
2025-03-19,32.97919845581055
2025-03-20,33.003299713134766
2025-03-21,32.987300872802734
2025-03-24,32.974998474121094
2025-03-25,33.01129913330078
2025-03-26,33.0452995300293
2025-03-27,33.0885009765625
2025-03-28,33.11140060424805
2025-03-31,33.18579864501953
2025-04-01,33.23910140991211
2025-04-02,33.20349884033203
2025-04-03,33.26250076293945
2025-04-04,33.03110122680664
2025-04-07,33.162498474121094
2025-04-08,32.980098724365234
2025-04-09,33.0806999206543
2025-04-10,32.58810043334961
2025-04-11,32.78630065917969
2025-04-14,32.36199951171875
2025-04-15,32.3568000793457
2025-04-16,32.50400161743164
2025-04-17,32.37879943847656
2025-04-22,32.44060134887695
2025-04-23,32.57360076904297
2025-04-24,32.532798767089844
2025-04-25,32.43560028076172
2025-04-28,32.51900100708008
2025-04-29,32.425899505615234
2025-04-30,32.32170104980469
2025-05-01,32.03200149536133
2025-05-02,32.11159896850586
2025-05-05,30.704299926757812
2025-05-06,29.15999984741211
2025-05-07,29.97760009765625
2025-05-08,30.39069938659668
2025-05-09,30.268999099731445
2025-05-12,30.246400833129883
2025-05-13,30.39310073852539
2025-05-14,30.424999237060547
2025-05-15,30.33970069885254
2025-05-16,30.16699981689453
2025-05-19,30.202600479125977
2025-05-20,30.14579963684082
2025-05-21,30.146299362182617
2025-05-22,30.0221004486084
2025-05-23,30.046899795532227
2025-05-26,29.971500396728516
2025-05-27,29.915000915527344
2025-05-28,29.964799880981445
2025-05-29,29.950000762939453
2025-05-30,29.850099563598633
2025-06-02,29.871000289916992
2025-06-03,29.987300872802734
2025-06-04,29.965900421142578
2025-06-05,29.941999435424805
2025-06-06,29.94529914855957
2025-06-09,29.917699813842773
2025-06-10,29.913799285888672
2025-06-11,29.888900756835938
2025-06-12,29.8075008392334
2025-06-13,29.52519989013672
2025-06-16,29.5049991607666
2025-06-17,29.0049991607666
2025-06-18,29.6471004486084
2025-06-19,29.54170036315918
2025-06-20,29.571300506591797
2025-06-23,29.533000946044922
2025-06-24,29.673900604248047
2025-06-25,29.458099365234375
2025-06-26,29.341899871826172
2025-06-27,28.819000244140625
2025-06-30,29.094999313354492
2025-07-01,29.206600189208984
2025-07-02,29.225900650024414
2025-07-03,28.96809959411621
2025-07-04,28.91710090637207
2025-07-07,28.900999069213867
2025-07-08,29.068300247192383
2025-07-09,29.107099533081055
2025-07-10,29.20560073852539
2025-07-11,29.243000030517578
2025-07-14,29.21299934387207
2025-07-15,29.346099853515625
2025-07-16,29.388099670410156
2025-07-17,29.400999069213867
2025-07-18,29.403200149536133
2025-07-21,29.378000259399414
2025-07-22,29.333599090576172
2025-07-23,29.39900016784668
2025-07-24,29.23419952392578
2025-07-25,29.391000747680664
2025-07-28,29.472000122070312
2025-07-29,29.656999588012695
2025-07-30,29.68950080871582
2025-07-31,29.827999114990234
2025-08-01,29.9060001373291
2025-08-04,29.815000534057617
2025-08-05,29.88409996032715
2025-08-06,29.937400817871094
2025-08-07,29.91469955444336
2025-08-08,29.8080997467041
2025-08-11,29.85099983215332
2025-08-12,29.947999954223633
2025-08-13,29.87809944152832
2025-08-14,29.939699172973633
2025-08-15,30.07900047302246
2025-08-18,29.98900032043457
2025-08-19,30.025100708007812
2025-08-20,30.1072998046875
2025-08-21,30.280099868774414
2025-08-22,30.516000747680664
2025-08-25,30.367300033569336
2025-08-26,30.444000244140625
2025-08-27,30.546600341796875
2025-08-28,30.575000762939453
2025-08-29,30.492799758911133
2025-09-01,30.56049919128418
2025-09-02,30.62529945373535
2025-09-03,30.743999481201172
2025-09-04,30.722000122070312
2025-09-05,30.694000244140625
2025-09-08,30.479000091552734
2025-09-09,30.331100463867188
2025-09-10,30.351600646972656
2025-09-11,30.236799240112305
2025-09-12,30.290000915527344
2025-09-15,30.284900665283203
2025-09-16,30.19409942626953
2025-09-17,30.047199249267578
2025-09-18,30.08639907836914
2025-09-19,30.11050033569336
2025-09-22,30.215999603271484
2025-09-23,30.21769905090332
2025-09-24,30.27400016784668
2025-09-25,30.364099502563477
2025-09-26,30.561500549316406
2025-09-29,30.444000244140625
2025-09-30,30.458200454711914
2025-10-01,30.442100524902344
2025-10-02,30.44700050354004
2025-10-03,30.46380043029785
2025-10-06,30.420000076293945
2025-10-07,30.510499954223633
2025-10-08,30.536699295043945
2025-10-09,30.524999618530273
2025-10-10,30.58329963684082
2025-10-13,30.665000915527344
2025-10-14,30.69099998474121
2025-10-15,30.683900833129883
2025-10-16,30.609800338745117
2025-10-17,30.611900329589844
2025-10-20,30.62190055847168
2025-10-21,30.597299575805664
2025-10-22,30.67729949951172
2025-10-23,30.745100021362305
2025-10-24,30.774999618530273
2025-10-27,30.83329963684082
2025-10-28,30.60110092163086
2025-10-29,30.543100357055664
2025-10-30,30.665199279785156
2025-10-31,30.73069953918457
2025-11-03,30.78179931640625
2025-11-04,30.903099060058594
2025-11-05,30.91900062561035
2025-11-06,30.892900466918945
2025-11-07,30.97879981994629
2025-11-10,30.966800689697266
2025-11-11,30.966800689697266
2025-11-12,30.96430015563965
2025-11-13,31.06410026550293
2025-11-14,31.124900817871094
2025-11-17,30.554500579833984
2025-11-18,31.174999237060547
2025-11-19,31.103200912475586
2025-11-20,31.183000564575195
2025-11-21,31.352100372314453
2025-11-24,31.338600158691406
2025-11-25,31.42609977722168
2025-11-26,31.388099670410156
2025-11-27,31.248899459838867
2025-11-28,31.314699172973633
2025-12-01,31.37689971923828
2025-12-02,31.395999908447266
2025-12-03,31.402000427246094
2025-12-04,31.314699172973633
2025-12-05,31.364999771118164
2025-12-08,31.27400016784668
2025-12-09,31.16469955444336
2025-12-10,31.150999069213867
2025-12-11,31.07699966430664
2025-12-12,31.180099487304688
2025-12-15,31.320100784301758
2025-12-16,31.328699111938477
2025-12-17,31.4689998626709
2025-12-18,31.632099151611328
2025-12-19,31.51409912109375
2025-12-22,31.5039005279541
2025-12-23,31.53219985961914
2025-12-24,31.489500045776367
2025-12-26,31.570199966430664
2025-12-29,31.3799991607666
2025-12-30,31.317800521850586
2025-12-31,31.243600845336914
2026-01-02,31.303499221801758
2026-01-05,31.358699798583984
2026-01-06,31.474599838256836
2026-01-07,31.49209976196289
2026-01-08,31.449100494384766
2026-01-09,31.5447998046875
2026-01-12,31.593299865722656
2026-01-13,31.569900512695312
2026-01-14,31.616899490356445
2026-01-15,31.510700225830078
2026-01-16,31.564199447631836
2026-01-19,31.607999801635742
2026-01-20,31.548999786376953
2026-01-21,31.682300567626953
2026-01-22,31.639999389648438
2026-01-23,31.583999633789062
2026-01-26,31.370800018310547
2026-01-27,31.440500259399414
2026-01-28,31.110300064086914
2026-01-29,31.26959991455078
2026-01-30,31.3617000579834
2026-02-02,31.58300018310547
2026-02-03,31.57710075378418
2026-02-04,31.573200225830078
2026-02-05,31.657100677490234
2026-02-06,31.648799896240234
2026-02-09,31.575000762939453
2026-02-10,31.561199188232422
2026-02-11,31.478700637817383
2026-02-12,31.336999893188477
2026-02-13,31.416900634765625
2026-02-16,31.368999481201172
2026-02-17,31.32699966430664
2026-02-18,31.375999450683594
2026-02-19,31.52910041809082
2026-02-20,31.57900047302246
2026-02-23,31.51099967956543
2026-02-24,31.434799194335938
2026-02-25,31.377099990844727
2026-02-26,31.269100189208984
2026-02-27,31.24679946899414
2026-03-02,31.375
2026-03-03,31.53499984741211
2026-03-04,31.733999252319336
2026-03-05,31.6299991607666
2026-03-06,31.905899047851562
2026-03-09,31.80229949951172
2026-03-10,31.802000045776367
2026-03-11,31.77389907836914
2026-03-12,31.811500549316406
2026-03-13,31.89579963684082
2026-03-16,32.16310119628906
2026-03-17,31.94499969482422
2026-03-18,31.885000228881836
2026-03-19,32.03120040893555
2026-03-20,31.802099227905273
2026-03-23,32.02170181274414
2026-03-24,31.86199951171875
2026-03-25,31.925800323486328
2026-03-26,31.93589973449707
2026-03-27,31.93000030517578
2026-03-30,31.976999282836914
2026-03-31,32.03900146484375
2026-04-01,31.93790054321289
2026-04-02,32.00199890136719
2026-04-03,31.938100814819336
2026-04-06,31.96299934387207
2026-04-07,31.913999557495117
2026-04-08,31.893999099731445
2026-04-09,31.720399856567383
2026-04-10,31.725799560546875
2026-04-13,31.767000198364258
2026-04-14,31.641199111938477
2026-04-15,31.517000198364258
2026-04-16,31.586999893188477
2026-04-17,31.558000564575195
2026-04-20,31.468000411987305
2026-04-21,31.41900062561035
2026-04-22,31.48200035095215
2026-04-23,31.466800689697266
2026-04-24,31.530000686645508
2026-04-27,31.440000534057617
2026-04-28,31.455699920654297
2026-04-29,31.51300048828125
2026-04-30,31.62649917602539
2026-05-01,31.569000244140625
2026-05-04,31.554000854492188
2026-05-05,31.597999572753906
2026-05-06,31.545000076293945
2026-05-07,31.398500442504883
2026-05-08,31.392099380493164
2026-05-11,31.301000595092773
2026-05-12,31.3518009185791
2026-05-13,31.501100540161133
2026-05-14,31.55900001525879
2026-05-15,31.56439971923828
2026-05-18,31.586999893188477
2026-05-19,31.554100036621094
2026-05-20,31.72920036315918
2026-05-21,31.59119987487793
2026-05-22,31.550800323486328
2026-05-25,31.43899917602539
2026-05-26,31.448400497436523
2026-05-27,31.445899963378906
2026-05-28,31.465900421142578
2026-05-29,31.423999786376953
2026-06-01,31.412900924682617
2026-06-02,31.33049964904785
2026-06-03,31.478200912475586
2026-06-04,31.50550079345703
2026-06-05,31.503000259399414
2026-06-08,31.58810043334961
2026-06-09,31.582000732421875
2026-06-10,31.5408992767334
2026-06-11,31.649799346923828
2026-06-12,31.57900047302246
2026-06-15,31.613000869750977
2026-06-16,31.518600463867188
2026-06-17,31.563899993896484
2026-06-18,31.638399124145508
2026-06-19,31.635900497436523
2026-06-22,31.70199966430664
2026-06-23,31.687000274658203
2026-06-24,31.70210075378418
2026-06-25,31.808000564575195
2026-06-26,31.8439998626709
